,Deal_title,Success_probability
0,TitleAD16O,49.524694749694994
1,TitleOW6CR,51.899426605505084
2,TitleVVJQ5,55.49025157232684
3,TitleUS8NA,56.016841186736286
4,Title5VGWW,51.899426605505084
5,TitleE2WOK,52.90920881971472
6,Title8CF62,51.899426605505084
7,TitleF8687,51.70855539971945
8,TitleWNTYU,49.524694749694994
9,TitleXK47X,52.09075907590765
10,Title2QCON,51.70855539971945
11,TitleR9W92,53.12316176470567
12,TitleY5USZ,52.90920881971472
13,TitleY4MJP,51.899426605505084
14,Title1W8YF,50.85519379844935
15,Title9HII9,55.18802419354899
16,Title725I7,51.70855539971945
17,TitleTB8A9,55.18802419354899
18,Title9CM6M,52.90920881971472
19,Title2ATAG,49.524694749694994
20,TitleAKV0K,55.18802419354899
21,Title40AN7,52.90920881971472
22,TitleQC654,51.70855539971945
23,TitleDYIL3,51.71846689895467
24,TitleEX1S3,61.675000000000004
25,TitleAMLDL,52.90920881971472
26,TitleQH7E7,51.70855539971945
27,TitleT52E7,50.474293785310756
28,TitleTGRSX,55.18802419354899
29,TitleNL1RF,51.899426605505084
30,TitleXOLYB,51.70855539971945
31,Title6M0R1,51.70855539971945
32,TitleO3EA1,52.90920881971472
33,TitleDOHV2,55.18802419354899
34,TitleBZERW,52.90920881971472
35,TitleGD2UX,52.90920881971472
36,TitleWLHM9,50.85519379844935
37,TitleKCOAN,51.899426605505084
38,TitleZLSEG,50.322035733622414
39,TitleIJCLT,53.12316176470567
40,Title6TO0C,50.242046077893995
41,Title6G0HX,50.242046077893995
42,TitleOI849,51.70855539971945
43,TitleFOU96,52.90920881971472
44,Title1JMW2,50.474293785310756
45,TitleEK2G5,49.524694749694994
46,TitleFCVZZ,51.899426605505084
47,TitleYWT9O,51.70855539971945
48,TitleONFNK,51.70855539971945
49,TitleYBWHO,49.524694749694994
50,Title0ABZU,50.242046077893995
51,TitleRL0H9,51.70855539971945
52,Title7EQFB,52.90920881971472
53,Title4EV1D,51.899426605505084
54,TitleBGKH2,51.899426605505084
55,TitleDTP0Z,49.524694749694994
56,Title11K82,53.12316176470567
57,Title7VF6X,55.49025157232684
58,TitleQU2CO,50.85519379844935
59,Title64YS8,53.75049140049135
60,TitleFIM0Q,60.67348650620001
61,TitleCWEHX,51.70855539971945
62,Title92460,55.49025157232684
63,TitleWJ99Y,57.00900673400666
64,TitleKRL1N,52.90920881971472
65,TitleL3YT1,51.70855539971945
66,Title38LJL,51.899426605505084
67,TitleH6EHH,50.322035733622414
68,Title85MTC,55.06137873754134
69,TitleKHY4R,50.322035733622414
70,TitleVSLNT,55.18802419354899
71,Title87H8W,51.899426605505084
72,TitleF6Y3O,56.66687500000002
73,TitleARV9A,51.70855539971945
74,TitleNOVXO,52.90920881971472
75,TitleB9BV2,55.49025157232684
76,TitleBJ1RG,52.90920881971472
77,TitleCEJAA,51.899426605505084
78,Title6IXFW,50.85519379844935
79,TitleMMMJ8,57.00900673400666
80,TitleS2KHC,51.899426605505084
81,TitleBQCK8,55.18802419354899
82,Title49KAE,54.695021186440584
83,TitleI75WO,50.242046077893995
84,Title89CC9,50.322035733622414
85,TitleQH1LB,51.899426605505084
86,TitleO4EZA,51.70855539971945
87,Title29I32,51.899426605505084
88,TitleQS6HG,50.322035733622414
89,Title3X354,52.90920881971472
90,Title7O1LX,56.016841186736286
91,TitleTL3RY,50.242046077893995
92,TitleGNLFA,50.242046077893995
93,Title2LWRP,50.242046077893995
94,TitleASNW8,50.242046077893995
95,Title17AXX,51.899426605505084
96,Title1ZNU8,52.90920881971472
97,TitleI91SM,51.70855539971945
98,TitleT3O89,49.524694749694994
99,Title7SN4U,53.12316176470567
100,TitleXTN7N,51.899426605505084
101,Title60US8,55.06137873754134
102,TitleHQHV8,50.242046077893995
103,TitleKRERU,51.899426605505084
104,Title2LMSH,50.85519379844935
105,TitleRUNZZ,50.85519379844935
106,TitleNWNCQ,55.49025157232684
107,TitleX4XVX,51.70855539971945
108,TitleZZ8C4,51.94787234042553
109,Title40VOT,51.899426605505084
110,TitleVJE93,51.71846689895467
111,TitleT6IFU,45.27900340715477
112,TitleJTB5C,61.721666666666714
113,TitleP27G5,55.18802419354899
114,Title9MOY9,45.27900340715477
115,TitleL2MIQ,55.18802419354899
116,Title4C0R3,52.90920881971472
117,Title9M68F,50.322035733622414
118,TitleTV4EP,52.09075907590765
119,TitleGRQSE,53.75049140049135
120,Title66KV3,55.18802419354899
121,TitleZGL83,49.524694749694994
122,TitleDXX1I,57.00900673400666
123,TitleJEC3R,50.322035733622414
124,TitleJ86PA,51.899426605505084
125,TitleY63E7,52.90920881971472
126,TitleTIZWH,53.75049140049135
127,Title8Q2VE,51.70855539971945
128,TitleU4TJJ,55.06137873754134
129,Title3DJSM,50.242046077893995
130,TitleQK0GK,53.12316176470567
131,Title1RJEO,51.70855539971945
132,TitleQLAAT,51.70855539971945
133,TitleE5SMZ,51.899426605505084
134,TitleBCI7X,52.90920881971472
135,TitleEJ8QG,51.899426605505084
136,TitleF952N,51.70855539971945
137,TitleTSFVY,49.970701058200895
138,TitleMDHHH,49.524694749694994
139,TitleRHKWU,51.71846689895467
140,Title5FQ2D,55.18802419354899
141,TitleC9DTF,51.70855539971945
142,TitleMNACX,52.90920881971472
143,Title3HAQN,55.06137873754134
144,TitleVZ77S,51.70855539971945
145,Title9XK7J,50.242046077893995
146,TitleXAZ58,50.322035733622414
147,Title5AVS8,51.70855539971945
148,Title2GZ5L,51.899426605505084
149,TitleQVCQO,52.90920881971472
150,TitleQU41K,50.242046077893995
151,TitleMSQ29,55.18802419354899
152,TitleGF3AR,55.18802419354899
153,TitleM1Y03,51.70855539971945
154,TitleO050D,52.90920881971472
155,TitleMY1JL,52.90920881971472
156,TitleHR6TI,53.12316176470567
157,TitleQYD01,49.684111221449506
158,TitleDTQVL,51.899426605505084
159,TitleL0TYU,49.524694749694994
160,TitleCBNHL,51.70855539971945
161,TitleKU2HW,46.26586121437401
162,TitleVLF3R,51.70855539971945
163,Title8ZAVN,51.70855539971945
164,TitleZQS1N,52.90920881971472
165,Title6RJPI,55.18802419354899
166,TitleFITS4,55.18802419354899
167,TitleH7DCS,52.90920881971472
168,TitleW6KGP,52.6843750000001
169,TitleB19A4,49.524694749694994
170,Title3K0H0,51.899426605505084
171,TitleQETZZ,55.18802419354899
172,TitleMMOKL,51.899426605505084
173,TitleVB7TN,51.899426605505084
174,TitleP31A3,55.18802419354899
175,Title84WTP,55.18802419354899
176,Title8O71H,52.90920881971472
177,TitleEOOL3,50.242046077893995
178,TitleSL7PN,51.899426605505084
179,TitleNNMNX,53.12316176470567
180,Title94T7J,51.899426605505084
181,Title5TW58,50.242046077893995
182,TitleFSOQQ,55.06137873754134
183,Title3U0Q9,55.18802419354899
184,Title5TU5S,51.70855539971945
185,TitleZ0JY8,51.70855539971945
186,TitleTXY8Q,50.242046077893995
187,TitleVFIT3,54.123828125000045
188,Title7U9QA,51.899426605505084
189,TitleYQ0XO,56.016841186736286
190,Title7MGIZ,51.899426605505084
191,Title9072O,49.524694749694994
192,TitlePIGTN,49.524694749694994
193,TitleN0MYB,51.71846689895467
194,TitleRIWZ8,49.970701058200895
195,TitleZIGTQ,51.899426605505084
196,TitleTW439,50.242046077893995
197,TitleUIT6V,50.716127320955366
198,TitleR6XH3,51.899426605505084
199,Title58R3H,49.524694749694994
200,TitleDEBAJ,52.09075907590765
201,TitleQZ64P,50.242046077893995
202,TitlePR1PN,52.90920881971472
203,Title482NU,51.70855539971945
204,TitleGZLAP,55.18802419354899
205,TitleS9B92,55.18802419354899
206,TitleY95FX,52.90920881971472
207,TitleFMC0D,49.524694749694994
208,TitleI0INY,52.90920881971472
209,Title0GAJI,55.18802419354899
210,Title6LA9P,52.90920881971472
211,TitleKILVF,52.90920881971472
212,TitleAITZX,51.94787234042553
213,TitleL6A1J,49.970701058200895
214,TitleCYT9J,50.85519379844935
215,TitleDST6L,55.18802419354899
216,Title6BNFS,51.70855539971945
217,TitleXAPT4,51.899426605505084
218,TitleHJ3WF,57.00900673400666
219,TitleNDJ2A,50.322035733622414
220,TitleYYGY8,50.242046077893995
221,TitleCVP13,52.90920881971472
222,TitleL7DS2,51.70855539971945
223,TitleVO0MI,55.06137873754134
224,Title1QLMW,53.12316176470567
225,TitleAFWVU,52.90920881971472
226,TitleMQGXY,51.899426605505084
227,TitlePS05F,52.90920881971472
228,TitleTBPD7,52.90920881971472
229,TitleSC6IH,50.242046077893995
230,TitleWMDY2,50.85519379844935
231,Title8AXHN,50.242046077893995
232,Title8WJ3G,52.90920881971472
233,TitleSYQ3F,55.18802419354899
234,TitleF0S76,52.90920881971472
235,Title23FI5,50.242046077893995
236,TitleYM00H,55.18802419354899
237,TitleV4Q21,51.70855539971945
238,TitleZW3VH,50.85519379844935
239,TitleWTD4L,52.90920881971472
240,TitleHGN2A,51.71846689895467
241,Title5NAK8,51.899426605505084
242,TitleAFWDD,51.899426605505084
243,TitleCVTAZ,50.242046077893995
244,Title6S2L6,50.85519379844935
245,TitleU7VJM,51.70855539971945
246,Title25JJZ,50.242046077893995
247,TitleU2OST,55.06137873754134
248,TitleZK1N8,50.85519379844935
249,TitlePJS42,49.524694749694994
250,TitleT2N5V,51.899426605505084
251,Title2WV7J,51.899426605505084
252,TitleFAB82,49.32911392405037
253,TitleUP3M1,55.18802419354899
254,TitleT2JNN,51.03092105263156
255,TitleCLQNO,56.016841186736286
256,Title9R03I,55.06137873754134
257,Title07QDY,49.970701058200895
258,Title2IVM3,50.242046077893995
259,TitleVP36Q,50.242046077893995
260,TitleK4XJS,50.322035733622414
261,Title4B9AT,51.899426605505084
262,TitleIKWWI,51.70855539971945
263,TitleGIP04,51.899426605505084
264,Title9PWR5,51.899426605505084
265,TitleFPMEZ,53.23354814253202
266,Title2I5M7,51.899426605505084
267,Title9R98H,49.524694749694994
268,Title0NIZP,49.684111221449506
269,TitleWNR0U,55.06137873754134
270,TitleAHKSJ,51.70855539971945
271,TitleJQHWZ,55.06137873754134
272,TitleY63MM,55.18802419354899
273,Title7R26O,52.90920881971472
274,TitleERLRI,55.18802419354899
275,Title9DNDI,52.90920881971472
276,TitleN1GIT,50.322035733622414
277,TitleZHHGX,55.18802419354899
278,TitleILO9W,51.71846689895467
279,TitleV8J6I,55.18802419354899
280,Title6FUHU,55.18802419354899
281,TitleKU88H,50.322035733622414
282,TitleGWFWJ,51.899426605505084
283,TitleQUUJE,52.90920881971472
284,Title1CUT0,55.18802419354899
285,TitleRPEUI,45.6835471456061
286,TitleRWN0X,50.85519379844935
287,Title2TB8F,51.899426605505084
288,TitleJBP95,60.67348650620001
289,Title2EHEM,53.75049140049135
290,TitleJZ4ZZ,51.70855539971945
291,TitleUR93W,51.70855539971945
292,Title2EEYL,50.242046077893995
293,TitleQKKKC,49.684111221449506
294,TitleBV5KY,52.90920881971472
295,TitleYEHWZ,49.524694749694994
296,Title9GWVF,55.06137873754134
297,TitleLF6V7,51.899426605505084
298,TitleGEZF0,51.70855539971945
299,TitleLNVE2,55.18802419354899
300,TitleM0Z66,50.322035733622414
301,Title0Z5ME,55.74003378378384
302,Title72FQJ,50.85519379844935
303,TitleRIG9O,51.899426605505084
304,TitleSNRHC,56.016841186736286
305,TitleZYG49,57.00900673400666
306,TitleL7PNT,55.06137873754134
307,TitleR0QR3,57.00900673400666
308,Title853VR,53.12316176470567
309,TitleAHYGU,51.70855539971945
310,TitleUE5GI,49.970701058200895
311,TitleWQE72,55.18802419354899
312,TitleB3YJF,51.899426605505084
313,TitleP5WMY,51.70855539971945
314,TitleP1ICM,50.242046077893995
315,TitleKK5F9,51.70855539971945
316,TitleMD7B7,50.322035733622414
317,Title6PDLX,52.90920881971472
318,Title7KCK3,51.70855539971945
319,TitleE82ZH,57.00900673400666
320,TitleSOLQY,49.684111221449506
321,TitleCQMFZ,46.621531676022244
322,TitleGMHJJ,58.46799999999998
323,TitleY3CTI,51.899426605505084
324,TitleE0F81,52.90920881971472
325,TitleZFA8I,52.90920881971472
326,TitleULSDL,51.899426605505084
327,Title34CJS,55.18802419354899
328,TitleS9KBI,55.49025157232684
329,Title6CM5T,50.242046077893995
330,TitleLYI3U,51.899426605505084
331,Title38R86,51.899426605505084
332,TitleS82G6,51.899426605505084
333,TitleSYV81,50.322035733622414
334,Title9UUQ3,55.18802419354899
335,TitleHMB3O,52.09075907590765
336,TitleBC20O,50.85519379844935
337,TitleYXY72,49.684111221449506
338,TitleV507Q,50.322035733622414
339,TitleD1JZI,49.524694749694994
340,Title0MNUW,55.18802419354899
341,TitleKSO5Y,52.90920881971472
342,TitleZ5ZLQ,52.90920881971472
343,Title2M7AV,46.84979838709647
344,TitlePQYAC,57.00900673400666
345,TitleN5OC4,46.26586121437401
346,TitleG1V42,52.90920881971472
347,Title4M0M0,52.90920881971472
348,TitleQBMS6,52.09075907590765
349,Title2LAUA,51.70855539971945
350,Title0GLCX,52.90920881971472
351,Title72Y5L,55.18802419354899
352,TitleFCGPO,50.322035733622414
353,TitleOMYPK,55.18802419354899
354,TitleBZMHQ,55.06137873754134
355,Title3MF67,54.123828125000045
356,TitleJLN3N,50.242046077893995
357,Title881YW,55.18802419354899
358,TitleXH1PW,50.322035733622414
359,TitleKUO6X,49.970701058200895
360,TitleRVF5F,45.28798449612403
361,TitleFS6PM,52.90920881971472
362,TitleBLK74,50.242046077893995
363,Title5SA8C,50.242046077893995
364,TitleQRM70,49.524694749694994
365,TitleD8SRX,52.90920881971472
366,Title30J3Q,51.899426605505084
367,TitleHD2QJ,55.06137873754134
368,TitleSEOJC,55.18802419354899
369,TitleFWTDO,51.71846689895467
370,TitleTL45U,46.26586121437401
371,Title3CYSC,51.899426605505084
372,Title777LR,52.90920881971472
373,TitleJKMVS,50.322035733622414
374,Title5SU1I,51.899426605505084
375,Title7OAQB,51.899426605505084
376,Title7JR4T,50.474293785310756
377,TitleOK4D6,49.524694749694994
378,TitleVWZ8U,51.70855539971945
379,Title2BFXG,51.899426605505084
380,TitleQA2XL,55.06137873754134
381,TitleCRJ51,50.474293785310756
382,TitleA1E4X,55.18802419354899
383,TitleKDPSC,50.242046077893995
384,TitleQD7TQ,51.899426605505084
385,TitleTXY5O,55.18802419354899
386,TitleEG6MZ,54.123828125000045
387,TitleS8CK2,55.18802419354899
388,TitleXDTHO,50.322035733622414
389,TitleY3QME,50.242046077893995
390,TitleSV0GA,52.09075907590765
391,TitleXP7EA,53.12316176470567
392,TitleUUFCT,47.262966360856296
393,TitleFJN80,51.70855539971945
394,TitleNY5WX,52.90920881971472
395,TitleRJ1CV,41.85043103448278
396,TitleN40KU,51.899426605505084
397,Title8HF4L,55.06137873754134
398,TitleWTQHE,51.899426605505084
399,TitleJ8X0T,57.00900673400666
400,Title5WYGO,55.18802419354899
401,TitleOX8KK,49.524694749694994
402,TitleZPRX1,55.18802419354899
403,TitleGRFOA,51.899426605505084
404,TitleV587I,51.899426605505084
405,TitleKW46K,50.242046077893995
406,TitleZJ2K4,49.524694749694994
407,TitleEPO7G,50.85519379844935
408,Title4KC4G,49.524694749694994
409,TitleSQ1UX,51.899426605505084
410,TitleXTSXA,49.524694749694994
411,TitleN9D7T,52.90920881971472
412,Title3KSPR,52.90920881971472
413,TitleBSPVW,49.524694749694994
414,TitleIZBD7,50.242046077893995
415,TitleH7U28,52.90920881971472
416,Title1OE44,55.18802419354899
417,TitleVT583,50.242046077893995
418,TitlePLYZ7,51.70855539971945
419,Title5ELG8,57.00900673400666
420,Title6021C,49.524694749694994
421,TitleD6QWR,50.242046077893995
422,Title25DXW,52.90920881971472
423,TitleKQ4GN,55.06137873754134
424,Title212WI,55.49025157232684
425,TitleBLB0L,55.49025157232684
426,Title7D9HI,52.90920881971472
427,TitleEBE82,55.18802419354899
428,TitleV2GHR,52.09075907590765
429,TitleNEB47,51.899426605505084
430,TitleQKO2E,51.899426605505084
431,TitleC1EPZ,49.524694749694994
432,TitleW7GAO,52.90920881971472
433,Title4KKQU,50.322035733622414
434,Title62W3F,51.94787234042553
435,Title5P4GX,51.70855539971945
436,TitleXKYVF,46.26586121437401
437,Title5P66J,56.016841186736286
438,Title1EE9R,55.06137873754134
439,TitleXVCR2,50.242046077893995
440,TitleK44RW,52.90920881971472
441,TitleDWYFP,51.899426605505084
442,Title35K93,53.75049140049135
443,TitleD6C58,50.242046077893995
444,Title37QC6,57.00900673400666
445,TitleEJBN9,46.621531676022244
446,TitleID60J,57.00900673400666
447,Title5ZBJ5,53.12316176470567
448,TitlePCO6B,50.242046077893995
449,TitleM8580,57.00900673400666
450,TitleIAQL1,50.322035733622414
451,TitleWLCXK,51.70855539971945
452,Title5NO46,55.06137873754134
453,TitleAI3PE,51.70855539971945
454,TitlePCQZJ,51.899426605505084
455,TitleHMKTR,49.524694749694994
456,Title68F6W,55.18802419354899
457,Title2SOBE,50.322035733622414
458,Title6QIWC,50.242046077893995
459,TitleWO5WW,55.18802419354899
460,TitleJ6LKX,55.18802419354899
461,TitleEEWU5,51.70855539971945
462,TitleAX85X,50.242046077893995
463,Title443L5,55.49025157232684
464,TitleQC1J3,51.899426605505084
465,TitleNUPCU,55.18802419354899
466,TitleGUX97,51.71846689895467
467,Title5I6VM,52.90920881971472
468,Title728I0,50.242046077893995
469,Title96ZGF,51.71846689895467
470,TitleLU0NA,51.70855539971945
471,TitleEMAGD,57.00900673400666
472,Title9H3O7,51.94787234042553
473,TitleM3CS3,55.18802419354899
474,TitleP597Y,55.49025157232684
475,Title01DZ1,51.70855539971945
476,TitleLNNSR,49.684111221449506
477,TitleHOIHH,50.322035733622414
478,TitleGBS9Q,50.242046077893995
479,Title30FYE,49.684111221449506
480,Title2SUCH,50.85519379844935
481,TitleE9XI2,57.00900673400666
482,TitleDA82X,51.70855539971945
483,TitleYW8HR,60.67348650620001
484,TitleJN6AI,50.322035733622414
485,TitleH2MWB,55.18802419354899
486,TitleYQVSH,45.950227272727226
487,TitleQRZJP,55.06137873754134
488,Title24RUL,49.524694749694994
489,TitleCRE6X,50.242046077893995
490,TitleR43PJ,55.18802419354899
491,TitleP2K1E,51.899426605505084
492,TitleAOBGF,56.016841186736286
493,TitleHBYUY,53.75049140049135
494,TitleEVCML,53.12316176470567
495,TitleZFAPT,49.524694749694994
496,TitleYIUI7,50.242046077893995
497,Title1FPQK,52.90920881971472
498,TitleUJWBW,46.26586121437401
499,TitleBJYR7,50.322035733622414
500,Title8JTF1,51.70855539971945
501,TitleTZA49,50.242046077893995
502,TitleT1B7R,52.90920881971472
503,TitleAM3CB,51.70855539971945
504,TitleWO5ED,50.85519379844935
505,Title2TMWH,50.474293785310756
506,Title06VRW,52.90920881971472
507,TitleYV0UP,50.242046077893995
508,TitleO4V34,55.18802419354899
509,TitleFKSK0,50.322035733622414
510,TitleNEH76,52.90920881971472
511,TitleAVXZC,50.242046077893995
512,TitleV60DG,51.94787234042553
513,TitleUTZ31,53.12316176470567
514,TitleC2PWK,52.90920881971472
515,TitleE4HGA,50.242046077893995
516,TitleS3ZB0,55.49025157232684
517,TitleIP9KH,49.524694749694994
518,TitleCGSRD,55.18802419354899
519,Title5QXSN,52.90920881971472
520,Title5Y2T3,51.899426605505084
521,TitleWD6V4,51.94787234042553
522,TitleXFC6B,51.899426605505084
523,TitleG41PJ,50.322035733622414
524,Title8I7VJ,50.322035733622414
525,TitleCIF2Z,51.899426605505084
526,Title3V4QG,51.70855539971945
527,Title73XMP,55.18802419354899
528,TitleQLI7E,62.06105904404862
529,TitleQ7I7W,55.06137873754134
530,TitleJ4DQW,49.684111221449506
531,TitleKSVLN,41.85043103448278
532,Title6MJU4,51.70855539971945
533,TitleAYMCE,49.524694749694994
534,Title043KJ,51.70855539971945
535,TitleS0GE1,49.970701058200895
536,TitleZNARU,52.90920881971472
537,Title2PJZB,49.970701058200895
538,TitleP0GZJ,55.18802419354899
539,Title38AOP,51.70855539971945
540,Title2FI5G,55.18802419354899
541,TitleYMGMA,55.18802419354899
542,TitleAWKNH,51.899426605505084
543,Title5UDJC,50.242046077893995
544,Title8O4SI,56.016841186736286
545,TitleQAJYO,50.85519379844935
546,TitleV0DBN,49.524694749694994
547,TitleVZPED,50.242046077893995
548,TitleO1AYG,50.242046077893995
549,Title5P39E,54.123828125000045
550,Title108RD,55.18802419354899
551,Title1HV11,50.322035733622414
552,TitleREAXR,51.899426605505084
553,TitleYHGTP,51.71846689895467
554,Title1FBD5,46.621531676022244
555,TitleXIV7E,51.899426605505084
556,TitleHBD7W,52.90920881971472
557,TitleSNRI6,55.18802419354899
558,TitleJNM2W,52.90920881971472
559,TitleLT4SL,51.899426605505084
560,TitleAXAZF,50.242046077893995
561,TitleZWBNC,55.18802419354899
562,TitleQJ4WL,49.524694749694994
563,TitleCR7DT,51.70855539971945
564,Title3NIBO,50.474293785310756
565,TitleZL24H,50.242046077893995
566,TitleFQSKJ,56.016841186736286
567,TitleBNU2C,55.06137873754134
568,TitleKD877,51.70855539971945
569,TitleFQJXF,51.899426605505084
570,Title64GLO,52.09075907590765
571,TitleMSE5Y,51.899426605505084
572,TitleQZ49S,55.18802419354899
573,TitleJ4L5V,55.06137873754134
574,TitleFNW5B,55.18802419354899
575,TitleF9B29,50.242046077893995
576,TitleS1YFA,52.90920881971472
577,TitleHRIXA,51.899426605505084
578,TitleQ6MXK,51.899426605505084
579,TitleSUBDW,50.85519379844935
580,Title83RZD,50.716127320955366
581,TitleUZ1WK,55.18802419354899
582,TitleFXCG1,51.71846689895467
583,TitleGB31Y,51.70855539971945
584,Title4V7DH,52.90920881971472
585,TitleXKJOO,52.90920881971472
586,TitleL4PKX,55.06137873754134
587,TitleXJ4U2,51.899426605505084
588,TitleF5WUU,49.684111221449506
589,TitleCXS2J,51.899426605505084
590,Title3E422,55.18802419354899
591,TitleSA53I,51.899426605505084
592,Title4TW3L,50.85519379844935
593,Title2JPQN,53.75049140049135
594,TitleVGL10,51.70855539971945
595,TitleC0Z97,56.725433526011564
596,TitleZWGTT,51.899426605505084
597,TitleHRY59,50.85519379844935
598,TitleCA0PS,55.18802419354899
599,Title92JV6,51.70855539971945
600,Title921U4,55.49025157232684
601,TitleEE9YB,51.70855539971945
602,TitleUXYL0,50.242046077893995
603,TitleU6AP7,52.90920881971472
604,TitleEMRKZ,49.524694749694994
605,TitleIR8CL,50.322035733622414
606,TitleDR4D4,57.00900673400666
607,TitleI7MHB,55.18802419354899
608,TitleJYDUH,51.899426605505084
609,TitleOOHW2,52.90920881971472
610,TitleAA0K2,55.18802419354899
611,TitleQI6S3,51.70855539971945
612,TitleEN5WF,49.524694749694994
613,TitleASAWY,51.899426605505084
614,Title0XG83,49.524694749694994
615,Title7R23W,50.242046077893995
616,TitleWHX4L,50.322035733622414
617,Title1ER2Y,52.90920881971472
618,Title9VTVJ,50.242046077893995
619,TitleWRVN0,51.70855539971945
620,TitleN0LUE,55.49025157232684
621,TitleYXVMN,50.322035733622414
622,TitleQ0LPL,54.695021186440584
623,Title56GMA,51.899426605505084
624,TitleLI03A,50.85519379844935
625,TitleWZ253,51.899426605505084
626,TitleLXK51,55.06137873754134
627,TitleDGNUU,46.621531676022244
628,TitleMQ41O,51.70855539971945
629,Title25ZKS,50.242046077893995
630,TitleNR8HN,51.70855539971945
631,TitleCPVCW,52.09075907590765
632,Title8KABP,61.721666666666714
633,TitleIMHXK,51.899426605505084
634,Title7HHOZ,51.899426605505084
635,TitleMGECQ,52.90920881971472
636,TitleOQU6Q,49.524694749694994
637,Title3T8Q8,51.899426605505084
638,TitleH4R55,55.18802419354899
639,TitleJ69RU,50.242046077893995
640,TitleC7RYX,51.70855539971945
641,TitleURF8X,51.899426605505084
642,TitleJLQ0Y,52.90920881971472
643,TitleSZL62,51.70855539971945
644,TitleKP3U7,51.70855539971945
645,TitleTRE3S,51.899426605505084
646,TitleN6F2A,55.18802419354899
647,Title4LFA1,55.18802419354899
648,TitleNU02U,55.18802419354899
649,TitleZFXCP,55.18802419354899
650,TitleMMAZY,49.524694749694994
651,TitleYNGW5,51.71846689895467
652,TitleMMDN8,46.26586121437401
653,TitleJJOCR,50.322035733622414
654,TitleISH2D,51.899426605505084
655,Title6OWJL,51.70855539971945
656,TitleJE4O9,51.899426605505084
657,Title3Q4OR,46.621531676022244
658,TitleH0UQK,51.70855539971945
659,Title5LQOQ,51.899426605505084
660,TitlePN59V,50.242046077893995
661,TitleAIMZ4,52.90920881971472
662,TitleR0HQW,50.474293785310756
663,Title86L33,55.49025157232684
664,TitleN7R4T,49.524694749694994
665,TitleMAO9L,52.90920881971472
666,TitleY6XA5,50.322035733622414
667,TitleI8ERD,50.242046077893995
668,TitleUJYEL,52.90920881971472
669,TitleKYSRZ,52.90920881971472
670,Title7RZD6,50.242046077893995
671,TitleOVNNA,51.70855539971945
672,TitleXCW6I,52.90920881971472
673,TitleC700S,51.899426605505084
674,TitleTV7P4,51.70855539971945
675,TitleRQ5OT,50.85519379844935
676,TitleU6ACG,55.06137873754134
677,TitleP1WHY,55.18802419354899
678,TitleAJ8XX,52.09075907590765
679,TitleX99W6,51.70855539971945
680,TitleY1SAV,52.90920881971472
681,TitleID0JM,49.524694749694994
682,TitleLFI9R,49.524694749694994
683,TitleQ7FOO,49.970701058200895
684,TitleYLBWY,52.90920881971472
685,Title8SPUR,55.06137873754134
686,Title9HRQL,50.322035733622414
687,TitleUHPKX,57.00900673400666
688,TitleBLUPD,51.70855539971945
689,TitleS73N4,51.70855539971945
690,TitleLHPZC,49.970701058200895
691,TitleKXZVP,55.18802419354899
692,TitleQ8ZJ5,50.85519379844935
693,TitleVQ58V,51.70855539971945
694,TitleRCGOM,50.85519379844935
695,Title205FL,49.524694749694994
696,TitleQ0JJA,51.70855539971945
697,TitleNKJ1P,55.06137873754134
698,TitleDL5RK,55.18802419354899
699,TitleDXHHB,52.90920881971472
700,Title1HO0Y,52.90920881971472
701,TitleR0GBY,53.12316176470567
702,TitleGW5DY,50.85519379844935
703,TitleZ6KT9,51.70855539971945
704,TitleA5BKG,55.18802419354899
705,TitlePSZTQ,51.899426605505084
706,Title3VAP1,55.06137873754134
707,TitleULTS1,50.716127320955366
708,Title280ZR,53.12316176470567
709,TitleW4DV8,50.242046077893995
710,Title0GAD5,61.89176470588235
711,Title1N8A6,50.322035733622414
712,TitleFLH8A,50.322035733622414
713,TitleH23CM,51.899426605505084
714,TitleT269F,51.899426605505084
715,TitleR5U46,51.70855539971945
716,TitleZEREP,51.70855539971945
717,Title7HJF4,49.524694749694994
718,Title8PQZL,50.322035733622414
719,TitleEGIZM,50.322035733622414
720,Title408P2,49.524694749694994
721,Title8GRU3,46.26586121437401
722,TitleW1T1J,50.322035733622414
723,TitleJISI6,49.20779702970295
724,TitlePCZK5,49.524694749694994
725,TitleR6W9K,51.899426605505084
726,TitleS398A,51.71846689895467
727,Title3O3Z7,52.90920881971472
728,Title76D08,51.899426605505084
729,TitleNXYVG,50.242046077893995
730,Title1ZANJ,49.524694749694994
731,TitleY3W82,50.322035733622414
732,TitleY7YHY,50.242046077893995
733,TitleXX8MH,53.75049140049135
734,TitleUO1RJ,55.18802419354899
735,TitleW91AR,52.90920881971472
736,TitleXTQNO,50.242046077893995
737,TitleKY5CH,55.49025157232684
738,TitleK5PA7,55.74003378378384
739,TitleMNYZG,50.242046077893995
740,TitleFZWCL,55.06137873754134
741,TitleRTETD,51.899426605505084
742,TitleRM0AT,50.242046077893995
743,TitleF2I93,49.524694749694994
744,TitleCGK0T,51.70855539971945
745,TitleLDY20,51.899426605505084
746,TitleG7ASQ,55.18802419354899
747,TitleQ0LC9,51.899426605505084
748,Title6F1QJ,51.94787234042553
749,TitleNV8HX,46.93254972875199
750,Title5RB1Y,51.70855539971945
751,TitleZFZU0,50.322035733622414
752,TitleSV3V8,56.016841186736286
753,TitleQ0D4D,50.322035733622414
754,Title1N86W,51.899426605505084
755,Title96N3Z,51.899426605505084
756,TitleM1RQ5,55.18802419354899
757,TitleFZ9P9,50.242046077893995
758,Title5TEF6,55.18802419354899
759,Title2JDEQ,51.899426605505084
760,TitleDT2SJ,57.00900673400666
761,TitleUH7UE,46.26586121437401
762,TitleX8GD0,52.90920881971472
763,Title39FPS,51.70855539971945
764,Title41VTG,50.322035733622414
765,TitleGM3Q4,53.12316176470567
766,TitleJG6EE,51.70855539971945
767,TitleB59S5,51.899426605505084
768,TitleM5YGV,51.70855539971945
769,TitleRDY6Q,50.242046077893995
770,Title2DZSU,52.90920881971472
771,TitleQ6AE6,51.899426605505084
772,TitleXF7WO,50.322035733622414
773,TitleQUNLH,51.899426605505084
774,Title3XAGQ,51.899426605505084
775,TitleTJYTM,52.90920881971472
776,TitleMXYD9,51.70855539971945
777,TitleZVEUN,51.899426605505084
778,Title6I28C,56.725433526011564
779,TitleJVPCM,51.70855539971945
780,TitleKMH84,51.899426605505084
781,TitleUZH7Y,55.18802419354899
782,TitleJT4D6,49.20779702970295
783,TitleO6I2Z,51.70855539971945
784,TitleKJW77,51.899426605505084
785,TitleIS8WY,51.70855539971945
786,TitleDBU52,51.899426605505084
787,TitleX53DD,55.18802419354899
788,Title2U4U7,57.00900673400666
789,TitleFIMG6,55.18802419354899
790,Title84QHN,56.725433526011564
791,TitleL1CUK,55.18802419354899
792,TitleCKTYO,51.899426605505084
793,TitleA3J06,52.90920881971472
794,TitleSA5JQ,57.00900673400666
795,TitleVTIQ0,51.70855539971945
796,Title20LYN,51.899426605505084
797,TitleLYJHC,51.899426605505084
798,Title79OW9,51.70855539971945
799,TitleVDS21,51.899426605505084
800,TitleL2JEW,51.899426605505084
801,Title91TMK,52.90920881971472
802,TitleNQ6UW,52.90920881971472
803,TitleFZGVV,46.26586121437401
804,TitleRJCDZ,49.524694749694994
805,TitleHHBDW,51.70855539971945
806,TitleSRVI6,52.90920881971472
807,TitleBKT65,52.09075907590765
808,TitleVG340,53.12316176470567
809,TitleJ7HCY,49.524694749694994
810,TitleZ96R8,55.18802419354899
811,Title4WUD8,55.06137873754134
812,Title2BP97,46.84979838709647
813,TitleD1HSV,57.00900673400666
814,TitleC2UUJ,50.322035733622414
815,Title9G7Z7,52.90920881971472
816,TitleI1KEN,52.90920881971472
817,TitleKPLT4,53.12316176470567
818,Title4ZWP5,60.67348650620001
819,TitleBS0WL,46.26586121437401
820,TitleKKWCA,51.70855539971945
821,Title0FU5S,55.18802419354899
822,TitleE0KRJ,51.899426605505084
823,TitleVVRFD,50.322035733622414
824,TitleHT658,52.90920881971472
825,Title852B3,55.18802419354899
826,TitleUXIF0,52.90920881971472
827,Title9JWRB,52.90920881971472
828,Title8UR96,51.71846689895467
829,TitleZ7KJ0,51.70855539971945
830,Title8FJ5H,50.242046077893995
831,TitleHH06V,55.18802419354899
832,Title9I3T6,51.899426605505084
833,TitleF8HC1,55.06137873754134
834,TitleON8DS,51.899426605505084
835,TitleSAZ3H,51.70855539971945
836,TitleDYABC,55.18802419354899
837,TitleW88NY,55.18802419354899
838,Title82CIH,50.474293785310756
839,TitleO56QD,51.70855539971945
840,Title3MLCN,51.899426605505084
841,Title7UY6H,51.899426605505084
842,TitleDNR3M,53.12316176470567
843,Title7B6CX,56.016841186736286
844,Title07MM6,52.90920881971472
845,TitleI9IAV,51.94787234042553
846,TitleYK4LF,51.899426605505084
847,TitleBQUYG,57.00900673400666
848,TitleRV8BW,51.70855539971945
849,Title5ITDB,53.75049140049135
850,TitleW76GX,49.524694749694994
851,TitleB729Z,52.90920881971472
852,Title6YTWX,52.90920881971472
853,TitleQ8BFC,51.70855539971945
854,TitleV27SW,50.85519379844935
855,TitleLDP9Z,52.90920881971472
856,Title54BZJ,50.242046077893995
857,TitleK9D3B,50.242046077893995
858,TitleAAQG7,52.90920881971472
859,Title2WVH7,53.75049140049135
860,TitleQMG6A,51.70855539971945
861,TitleOHTAM,52.90920881971472
862,TitleV03GG,52.6843750000001
863,TitleWSZ3T,55.06137873754134
864,TitleAVXHK,50.322035733622414
865,TitleVTXCA,51.70855539971945
866,Title7941F,55.06137873754134
867,TitleT93VF,51.70855539971945
868,TitleED8J4,55.18802419354899
869,TitleBNIB0,51.70855539971945
870,Title8L2FQ,50.322035733622414
871,Title013WA,53.12316176470567
872,Title6U8JD,52.90920881971472
873,TitleIZ79K,51.70855539971945
874,Title5PLDW,49.684111221449506
875,TitleXUBFQ,50.242046077893995
876,TitleXQ02F,51.899426605505084
877,TitleA12R8,53.75049140049135
878,Title2CV9B,50.242046077893995
879,TitleU8E3D,52.90920881971472
880,Title9PCE2,51.899426605505084
881,TitleP0FXZ,50.242046077893995
882,TitleCFQ3K,52.90920881971472
883,TitleMGDZ8,52.90920881971472
884,TitleIG909,51.899426605505084
885,Title6JM16,55.06137873754134
886,TitleAGWZH,52.90920881971472
887,Title5DKVV,51.899426605505084
888,TitleFFUCT,55.18802419354899
889,TitleGV7XI,55.18802419354899
890,TitleZL409,50.85519379844935
891,Title31RSX,49.524694749694994
892,Title3JEMA,56.016841186736286
893,TitleZB5U0,51.70855539971945
894,TitleM109I,51.899426605505084
895,TitleU7WEV,52.09075907590765
896,TitleO3PQQ,49.524694749694994
897,TitleVDD91,57.00900673400666
898,TitleOJV2K,49.524694749694994
899,TitlePLWWG,55.18802419354899
900,TitleBCQIN,51.70855539971945
901,TitlePKRME,49.32911392405037
902,Title9IF16,51.899426605505084
903,TitleNFJJ0,54.695021186440584
904,TitleS0ZXM,56.725433526011564
905,TitleVHI07,51.70855539971945
906,TitleI6DYI,51.899426605505084
907,TitleZQRIZ,55.06137873754134
908,Title7APVX,55.18802419354899
909,TitleHFKTG,51.899426605505084
910,TitleGUFXV,57.00900673400666
911,TitleN3VPE,53.75049140049135
912,Title31RKT,57.00900673400666
913,TitleY0HVR,50.322035733622414
914,TitlePQ5SJ,51.70855539971945
915,TitleWJZHU,52.09075907590765
916,TitleM49YE,49.524694749694994
917,TitleUMLYA,55.49025157232684
918,Title9BHDG,51.70855539971945
919,TitleBSAAD,51.899426605505084
920,TitleE0CW3,46.621531676022244
921,Title73ZNE,55.06137873754134
922,TitleXZSVX,55.18802419354899
923,TitleTBE5E,54.695021186440584
924,TitleXNL80,51.899426605505084
925,TitleJSMS5,49.524694749694994
926,TitleQ9F4N,50.322035733622414
927,Title3PIBO,51.899426605505084
928,Title9NZL7,52.90920881971472
929,Title7IIH3,51.70855539971945
930,Title57ZHD,49.524694749694994
931,TitleM217C,51.899426605505084
932,TitleEDOCD,55.06137873754134
933,TitleMEH6X,55.18802419354899
934,TitleDUQ23,49.524694749694994
935,TitleDJKZD,55.18802419354899
936,TitleK3CB0,50.474293785310756
937,TitleQDGJS,52.90920881971472
938,TitleT4ZWO,51.70855539971945
939,TitleE38OK,51.70855539971945
940,TitleSQBLU,51.70855539971945
941,TitleLPIH0,53.75049140049135
942,TitleEH1XB,50.242046077893995
943,Title9LMWD,52.90920881971472
944,TitleIY4JP,55.18802419354899
945,Title32BHO,55.18802419354899
946,TitleWRFTS,51.899426605505084
947,Title6R8YY,51.899426605505084
948,TitleR4LB9,49.524694749694994
949,TitleE1AWV,57.00900673400666
950,TitleH7YB1,51.70855539971945
951,Title719HX,50.322035733622414
952,TitleESQPM,55.06137873754134
953,TitleOZOUT,52.90920881971472
954,TitleXKOLD,50.322035733622414
955,Title4ZA24,55.06137873754134
956,TitleLQHNU,55.18802419354899
957,TitleY9IG8,46.621531676022244
958,TitleT6ISM,51.899426605505084
959,TitleA6121,51.899426605505084
960,Title375P6,55.18802419354899
961,Title0I86K,55.18802419354899
962,TitleVIVN9,55.06137873754134
963,TitleOWJAW,55.06137873754134
964,TitleBBMUM,52.90920881971472
965,Title9VFH9,52.90920881971472
966,TitleR11CX,50.242046077893995
967,Title82DQ7,49.524694749694994
968,TitleIVLS7,55.49025157232684
969,TitleVZIVX,51.70855539971945
970,TitleMREEV,50.474293785310756
971,TitleZLTMX,52.90920881971472
972,Title1KYR7,49.32911392405037
973,TitleO0AIE,52.90920881971472
974,TitleBE5HO,50.322035733622414
975,Title85EPD,51.70855539971945
976,TitleUAJOX,52.90920881971472
977,TitleKXLZ1,50.322035733622414
978,Title6SVNM,55.18802419354899
979,TitleIJNJZ,51.899426605505084
980,Title9ZE5W,52.90920881971472
981,TitleMPJT7,49.970701058200895
982,Title9A9O6,51.899426605505084
983,TitleIU0LO,52.90920881971472
984,TitleVAKQY,52.90920881971472
985,Title2K1OA,51.70855539971945
986,Title72SUU,52.90920881971472
987,TitleH1PWT,52.90920881971472
988,TitleQY76J,50.242046077893995
989,TitleKDURS,51.899426605505084
990,TitleZA3HK,55.18802419354899
991,TitleYAU4L,55.49025157232684
992,TitleCYJDK,55.18802419354899
993,TitleKANYG,50.322035733622414
994,Title1HQYD,52.90920881971472
995,TitleZTMJJ,53.75049140049135
996,Title1L5SN,50.242046077893995
997,TitleZ5ZYD,52.90920881971472
998,Title6TYUI,51.899426605505084
999,TitleBHSPR,53.75049140049135
1000,Title4B3IC,51.70855539971945
1001,TitleH13PD,55.18802419354899
1002,Title9V62Y,55.06137873754134
1003,TitleSAMZQ,51.899426605505084
1004,TitleQALDY,55.18802419354899
1005,Title87TBE,55.18802419354899
1006,TitleAWG5Y,50.322035733622414
1007,TitleYKL1L,50.322035733622414
1008,TitleUXOC3,51.70855539971945
1009,TitleLRKK5,49.524694749694994
1010,Title5IV1R,51.899426605505084
1011,TitleRSLKR,56.725433526011564
1012,TitleNYKLA,51.70855539971945
1013,TitleXU29Q,52.90920881971472
1014,TitleXWKBQ,52.90920881971472
1015,TitleLPACI,52.90920881971472
1016,TitleR9F1M,51.70855539971945
1017,TitleQHTDD,49.524694749694994
1018,Title4FRC1,51.70855539971945
1019,TitleY1IDY,51.899426605505084
1020,Title9RQ55,51.03092105263156
1021,TitleZHCIX,55.18802419354899
1022,TitleOCI7Q,55.18802419354899
1023,TitlePN8Q4,50.322035733622414
1024,TitleAULBR,55.06137873754134
1025,TitleHVKUX,55.49025157232684
1026,TitleMF27R,49.524694749694994
1027,TitleEEMZV,51.899426605505084
1028,Title0DBE8,50.322035733622414
1029,TitleDKL6N,50.322035733622414
1030,TitleK5NCL,51.70855539971945
1031,Title6HL1Y,51.70855539971945
1032,Title9JHMK,50.322035733622414
1033,TitleY9SAK,53.75049140049135
1034,TitleEL816,60.67348650620001
1035,TitleGBPVN,51.70855539971945
1036,TitleBGCH2,50.242046077893995
1037,TitleD338P,50.242046077893995
1038,TitleESWIC,50.85519379844935
1039,TitleHJOQV,55.18802419354899
1040,TitleOU3NF,55.06137873754134
1041,TitleRVK2Q,53.12316176470567
1042,Title80F7S,49.524694749694994
1043,TitleEP4N9,55.18802419354899
1044,Title92JGX,55.49025157232684
1045,TitleLKGP0,50.242046077893995
1046,Title1T6W8,51.899426605505084
1047,TitleUBYP7,51.70855539971945
1048,Title27VTQ,51.70855539971945
1049,TitleUGIJV,51.899426605505084
1050,TitleK9KZ8,51.70855539971945
1051,TitleDE9J9,50.322035733622414
1052,Title9BIKV,52.90920881971472
1053,TitleL4JQC,52.90920881971472
1054,Title8X1FT,50.474293785310756
1055,Title8XQ8J,50.242046077893995
1056,TitleHDQKC,51.899426605505084
1057,Title2NJU1,51.899426605505084
1058,TitleJSQUT,50.85519379844935
1059,TitleX0SS2,52.90920881971472
1060,TitleO64ZW,57.00900673400666
1061,TitleODYJX,50.85519379844935
1062,TitleX2GH0,51.71846689895467
1063,Title3R3GZ,55.18802419354899
1064,TitleIPLGP,51.899426605505084
1065,Title2ML34,49.524694749694994
1066,Title9IOB9,57.00900673400666
1067,Title9E343,55.18802419354899
1068,Title3RKQV,51.70855539971945
1069,TitleAEYIF,49.524694749694994
1070,Title1ZZK6,49.524694749694994
1071,Title9248W,55.06137873754134
1072,TitleOTY4L,51.899426605505084
1073,TitleNIEBG,52.90920881971472
1074,TitleJ5RYP,52.90920881971472
1075,Title58W1F,50.322035733622414
1076,TitleJW6MX,50.242046077893995
1077,Title1NU6J,51.03092105263156
1078,TitleAA8Q4,51.70855539971945
1079,Title0ZIU0,49.524694749694994
1080,TitleRWTCH,49.524694749694994
1081,TitleZMHRB,55.18802419354899
1082,TitleTWH5D,51.899426605505084
1083,TitleQ2TLG,56.016841186736286
1084,TitleITK46,52.90920881971472
1085,TitleR8ZKN,51.899426605505084
1086,Title0UAXO,52.90920881971472
1087,TitleM7ZNX,53.12316176470567
1088,TitleUT7Z4,46.93254972875199
1089,Title2GENZ,49.524694749694994
1090,TitleTOSC0,50.322035733622414
1091,TitleN3HOJ,57.00900673400666
1092,TitleA9OBP,51.899426605505084
1093,TitleX9YLI,52.90920881971472
1094,TitleRGN7H,50.242046077893995
1095,TitleQ87RT,50.242046077893995
1096,TitleG8IJX,50.85519379844935
1097,TitleQ28IV,53.12316176470567
1098,Title2B84M,49.970701058200895
1099,TitleHNM1N,51.899426605505084
1100,TitleJ7ALN,53.75049140049135
1101,Title1F9JY,55.74003378378384
1102,TitleMLWOG,55.18802419354899
1103,Title4KT4G,51.899426605505084
1104,TitleSIYFQ,49.32911392405037
1105,TitleKTRH7,55.18802419354899
1106,Title4ZEAS,51.70855539971945
1107,Title58LHK,51.899426605505084
1108,TitleCMDBW,51.899426605505084
1109,TitleB05O6,52.90920881971472
1110,Title2RBG8,46.26586121437401
1111,TitleZPMLT,46.26586121437401
1112,TitleNCT73,52.90920881971472
1113,TitleRH0CG,52.90920881971472
1114,TitleM81TL,50.242046077893995
1115,Title59KR5,45.950227272727226
1116,TitleX5F33,51.70855539971945
1117,Title177J6,52.90920881971472
1118,Title48NBL,55.18802419354899
1119,TitleAB617,50.322035733622414
1120,Title2ASW6,57.00900673400666
1121,TitleRY53W,50.85519379844935
1122,TitleDO4IN,50.242046077893995
1123,Title1IFKE,55.06137873754134
1124,TitleK6SAM,51.70855539971945
1125,TitleHHZ3W,51.899426605505084
1126,TitleZSO2H,51.94787234042553
1127,TitleK5HUB,51.899426605505084
1128,TitleQ2CQP,46.26586121437401
1129,TitleP1P2T,50.242046077893995
1130,TitleVAP78,55.06137873754134
1131,Title1ZFZP,52.90920881971472
1132,TitleLKNOQ,52.90920881971472
1133,TitleF5M2L,55.06137873754134
1134,TitleA3JWQ,55.06137873754134
1135,TitleKLE8B,51.899426605505084
1136,Title24VWF,51.899426605505084
1137,TitleY8ZBM,51.70855539971945
1138,Title9PULP,49.524694749694994
1139,Title3NPEW,52.90920881971472
1140,Title91S6N,51.70855539971945
1141,TitleLG9SG,51.71846689895467
1142,TitleXFDU5,49.524694749694994
1143,TitleAZCMZ,49.524694749694994
1144,TitleFNCL9,55.06137873754134
1145,TitleZ71MW,53.12316176470567
1146,TitleYPV5U,51.70855539971945
1147,Title0PFVJ,51.899426605505084
1148,Title2J7WR,51.70855539971945
1149,TitleF9TI2,50.474293785310756
1150,TitleAB70M,46.621531676022244
1151,TitleDCD90,49.524694749694994
1152,Title4N8HW,50.242046077893995
1153,TitleF5ZFB,49.684111221449506
1154,TitleJ2AV8,51.70855539971945
1155,TitleF5C7V,52.90920881971472
1156,Title9HEI4,51.899426605505084
1157,TitleV64ZC,52.90920881971472
1158,Title5QX7S,51.70855539971945
1159,Title7D6RK,55.18802419354899
1160,TitleA6QC4,49.524694749694994
1161,Title1JMO7,49.524694749694994
1162,TitleFJD5Y,50.242046077893995
1163,Title4J8LW,55.49025157232684
1164,Title5YI5T,50.474293785310756
1165,TitleVNV55,49.524694749694994
1166,TitleCSCQX,52.90920881971472
1167,TitleAZKWI,50.322035733622414
1168,Title1AJ2I,55.18802419354899
1169,Title322DK,51.71846689895467
1170,Title9HAQC,55.18802419354899
1171,TitleRHZ7L,55.74003378378384
1172,Title0CZQQ,51.899426605505084
1173,TitleLVY1J,49.684111221449506
1174,TitleACDIX,49.684111221449506
1175,TitleHQM9M,50.716127320955366
1176,TitleX0MK0,55.06137873754134
1177,TitleV8X3S,53.12316176470567
1178,Title2EZYK,50.242046077893995
1179,TitleHHNNF,55.18802419354899
1180,TitleYOYAO,55.18802419354899
1181,TitleIQ98O,52.90920881971472
1182,TitleIHZ2E,51.70855539971945
1183,TitleZ5J52,50.242046077893995
1184,TitleRGHOI,50.242046077893995
1185,TitleIAGU0,51.70855539971945
1186,Title023FO,52.90920881971472
1187,TitleVXYK8,50.322035733622414
1188,TitleOMDNT,51.70855539971945
1189,TitleCZN3X,51.70855539971945
1190,TitleOY6SX,55.18802419354899
1191,TitleR4ON4,55.18802419354899
1192,TitleWUK8H,49.970701058200895
1193,Title9CMQT,50.242046077893995
1194,TitleW3LFX,52.90920881971472
1195,Title2GITH,52.90920881971472
1196,Title19E6A,51.899426605505084
1197,TitleYOECY,49.524694749694994
1198,TitleAZSA4,51.94787234042553
1199,TitlePN4UR,57.00900673400666
1200,TitleY4YQV,51.70855539971945
1201,TitleORBJ6,52.90920881971472
1202,TitleYD7LT,53.12316176470567
1203,Title8SL16,52.90920881971472
1204,TitleXI1UQ,50.322035733622414
1205,TitleL581I,56.016841186736286
1206,TitleH91AX,55.18802419354899
1207,TitleLKVIM,55.06137873754134
1208,TitleWAUBR,52.90920881971472
1209,TitleUHMTR,50.716127320955366
1210,TitleZUF5M,55.18802419354899
1211,TitleJ9J8L,55.18802419354899
1212,TitleDYYCE,51.70855539971945
1213,Title8N7XI,55.06137873754134
1214,TitleAWLB2,52.90920881971472
1215,TitleXXJ1K,51.70855539971945
1216,TitleZF0SP,52.90920881971472
1217,TitleWZ08A,49.524694749694994
1218,TitleRHL71,49.524694749694994
1219,TitleTYKX4,56.016841186736286
1220,TitleD3RDH,55.18802419354899
1221,TitleDXUPU,55.49025157232684
1222,Title5L2C4,50.474293785310756
1223,TitleSBS1A,51.70855539971945
1224,TitleQO1HA,52.90920881971472
1225,TitleF1GCQ,51.71846689895467
1226,TitleN9TKA,53.75049140049135
1227,TitleO08LI,55.06137873754134
1228,TitleKDNOY,51.71846689895467
1229,TitleAIU0F,50.322035733622414
1230,TitleIFVXB,51.70855539971945
1231,TitleT5EG9,55.18802419354899
1232,TitleYOP1K,51.70855539971945
1233,Title2QY9H,53.75049140049135
1234,TitleAEVPT,49.524694749694994
1235,TitleAAW85,51.899426605505084
1236,Title6NA9A,55.49025157232684
1237,TitleY8YY5,51.70855539971945
1238,Title0UG9L,51.899426605505084
1239,Title1ID54,53.12316176470567
1240,TitleSMXVA,50.474293785310756
1241,TitleIZDBA,50.242046077893995
1242,Title975KB,51.899426605505084
1243,TitleECHPD,55.18802419354899
1244,TitleOBCLV,50.242046077893995
1245,Title68J6T,51.899426605505084
1246,Title4S2QY,55.06137873754134
1247,Title5JGSD,52.90920881971472
1248,TitleALTXY,50.322035733622414
1249,TitleCWGFU,55.06137873754134
1250,TitlePHHD0,55.18802419354899
1251,TitleKWFTK,51.899426605505084
1252,Title475DZ,56.725433526011564
1253,TitleMTJM7,55.06137873754134
1254,TitlePF61Z,52.90920881971472
1255,TitleBJ2ER,51.899426605505084
1256,Title50LYV,51.899426605505084
1257,TitleH3HUJ,51.70855539971945
1258,Title7IMHP,50.242046077893995
1259,TitleCMKW1,50.242046077893995
1260,Title933SF,55.18802419354899
1261,Title7YS1E,51.70855539971945
1262,Title7EGA7,55.49025157232684
1263,TitleLA7DV,50.85519379844935
1264,TitleDL0DO,61.721666666666714
1265,Title3NZJ5,51.899426605505084
1266,TitleZGOLB,50.242046077893995
1267,TitleLMEVA,52.90920881971472
1268,TitleFP0TV,49.970701058200895
1269,TitleFMIE8,51.899426605505084
1270,TitleJJHXW,55.49025157232684
1271,TitleTVRI1,51.70855539971945
1272,Title3XYTX,51.899426605505084
1273,TitleRE4WS,55.18802419354899
1274,Title3QVNA,52.90920881971472
1275,TitleCUD6G,50.242046077893995
1276,Title1Z5EF,51.899426605505084
1277,TitleEMZJH,51.70855539971945
1278,TitleMIMHZ,50.85519379844935
1279,TitleE3N7P,51.70855539971945
1280,Title9CD16,46.26586121437401
1281,TitleDOTV0,55.18802419354899
1282,TitleS7YMO,50.242046077893995
1283,TitleH9SN9,51.70855539971945
1284,TitleYPB2B,51.899426605505084
1285,Title0XTGZ,50.322035733622414
1286,TitleHR7DD,50.242046077893995
1287,TitleCQ4UW,55.49025157232684
1288,TitleZFYTR,51.70855539971945
1289,TitlePW097,51.70855539971945
1290,Title6U3HV,51.899426605505084
1291,TitleB1B6J,51.899426605505084
1292,Title3UAB7,49.524694749694994
1293,TitleY3U4X,56.016841186736286
1294,TitleEXMHJ,56.016841186736286
1295,TitleZSF9E,52.90920881971472
1296,Title6Y3XE,58.46799999999998
1297,Title7QMJP,50.242046077893995
1298,TitleU9T6A,55.06137873754134
1299,Title9WJB9,50.242046077893995
1300,TitleF0ADH,51.94787234042553
1301,TitleL28X4,50.716127320955366
1302,Title09SLQ,49.524694749694994
1303,TitleGLYDJ,55.74003378378384
1304,TitleQIR2V,55.18802419354899
1305,TitleD0VTL,51.70855539971945
1306,TitleT7QID,49.684111221449506
1307,TitleNGUQY,51.899426605505084
1308,TitleG86YF,51.70855539971945
1309,Title23IO7,49.524694749694994
1310,TitleWQVEK,57.00900673400666
1311,TitleQPHUH,49.524694749694994
1312,TitleKP4G1,51.899426605505084
1313,Title5R18L,51.899426605505084
1314,TitleJRGCZ,55.18802419354899
1315,TitleQ9PBW,51.70855539971945
1316,TitleROHOK,55.06137873754134
1317,TitleXNCK8,52.90920881971472
1318,TitleP6VI0,51.899426605505084
1319,TitleRV2GZ,52.90920881971472
1320,TitleI0P27,50.322035733622414
1321,TitleMM4KT,51.70855539971945
1322,TitleB9XZ4,51.899426605505084
1323,TitleJBD8E,50.322035733622414
1324,TitleO5VGC,51.70855539971945
1325,TitleX32XH,56.725433526011564
1326,Title1U11U,55.18802419354899
1327,TitleLML3B,51.03092105263156
1328,TitleO00RJ,52.90920881971472
1329,TitleSN96Y,55.74003378378384
1330,TitleKA948,51.70855539971945
1331,TitleCVPNF,55.06137873754134
1332,TitleFWMH1,50.242046077893995
1333,Title2PTU0,52.90920881971472
1334,TitleN7CXE,51.70855539971945
1335,TitleH6PYI,50.474293785310756
1336,Title1WBHS,55.18802419354899
1337,Title9BDFO,50.242046077893995
1338,Title2RE9J,50.322035733622414
1339,TitleO3Q5A,55.18802419354899
1340,TitleDRRFS,52.90920881971472
1341,Title5KQ3S,55.49025157232684
1342,Title48Y85,55.18802419354899
1343,Title59YN5,51.899426605505084
1344,TitleEMYF9,51.899426605505084
1345,TitleC5GU4,50.322035733622414
1346,Title4VATZ,51.899426605505084
1347,Title7NA9H,51.70855539971945
1348,Title92PQJ,49.524694749694994
1349,TitleW302Q,55.74003378378384
1350,TitleD00ZR,49.524694749694994
1351,Title70LI7,55.06137873754134
1352,Title2QB21,50.322035733622414
1353,TitleNUPWA,51.899426605505084
1354,Title5E9TK,55.18802419354899
1355,TitleBQICI,52.90920881971472
1356,TitleMKTT7,51.899426605505084
1357,Title53X6Z,51.899426605505084
1358,TitleT3R1J,52.90920881971472
1359,TitleQ3FS0,50.716127320955366
1360,TitleURBH7,51.71846689895467
1361,TitleJLPX0,51.70855539971945
1362,TitleSM0HS,55.06137873754134
1363,TitleJ2GWX,51.899426605505084
1364,TitleNAF56,51.70855539971945
1365,TitleY5HE7,51.899426605505084
1366,TitleBJ7S9,53.12316176470567
1367,TitleG2N7R,52.90920881971472
1368,TitleOFK5C,51.899426605505084
1369,TitleII03Y,51.899426605505084
1370,Title0K217,49.20779702970295
1371,Title0K59O,52.90920881971472
1372,Title8NITG,51.899426605505084
1373,TitleKVY3W,51.70855539971945
1374,Title6CDRU,50.85519379844935
1375,TitleCER71,51.899426605505084
1376,TitleSVC9G,50.322035733622414
1377,Title33K91,51.899426605505084
1378,TitleTZXYI,55.18802419354899
1379,TitleU5X9V,49.524694749694994
1380,TitleGVZWF,49.524694749694994
1381,TitleDMING,61.721666666666714
1382,TitleKLOX9,51.70855539971945
1383,TitleFR2ZC,52.90920881971472
1384,TitleN3TYW,52.90920881971472
1385,TitleVS1Y6,51.94787234042553
1386,TitleHJOH7,51.899426605505084
1387,TitleD9TXZ,52.90920881971472
1388,Title9EPDE,50.85519379844935
1389,TitleRKYAC,55.06137873754134
1390,TitleLMZ1H,50.85519379844935
1391,TitleLDSLR,49.684111221449506
1392,TitleBMT80,52.90920881971472
1393,Title5E40D,52.90920881971472
1394,TitleDVNA5,55.18802419354899
1395,TitleH21KX,49.32911392405037
1396,Title6EWP1,51.899426605505084
1397,Title0FQTT,52.90920881971472
1398,Title3QXI9,49.524694749694994
1399,TitleVEJGJ,55.06137873754134
1400,Title982EA,55.18802419354899
1401,Title00Z6Y,50.474293785310756
1402,TitleRJK37,51.70855539971945
1403,Title7M9YB,50.242046077893995
1404,TitleX21QG,51.70855539971945
1405,TitleP1LW9,49.970701058200895
1406,TitleWH5JN,49.524694749694994
1407,TitleMDJBN,50.242046077893995
1408,Title0AM7W,50.322035733622414
1409,TitleON9VQ,55.18802419354899
1410,Title1M5HJ,50.322035733622414
1411,TitleGAIPV,50.242046077893995
1412,TitlePU8YK,55.18802419354899
1413,TitleT48HB,55.18802419354899
1414,TitleRFQM2,53.12316176470567
1415,TitleSYGAW,50.242046077893995
1416,TitleBH0VD,55.06137873754134
1417,TitleWF5UF,51.71846689895467
1418,TitleG4KL3,55.18802419354899
1419,Title88KT3,50.85519379844935
1420,Title0YJOF,55.49025157232684
1421,Title44M2Y,52.90920881971472
1422,Title2SQHX,55.18802419354899
1423,TitleNBDFJ,51.899426605505084
1424,TitleE01MZ,51.899426605505084
1425,TitleDO9SK,50.242046077893995
1426,TitleYYTTB,49.524694749694994
1427,TitleUO38W,51.899426605505084
1428,TitleCB4WC,51.899426605505084
1429,TitleCY39N,55.18802419354899
1430,Title4T9TO,50.242046077893995
1431,Title8POD5,51.03092105263156
1432,TitleHK0BF,49.684111221449506
1433,TitleDNSAF,49.970701058200895
1434,TitleYGX7S,55.06137873754134
1435,TitleH0QO0,55.18802419354899
1436,TitleA8V1T,55.49025157232684
1437,TitleWKEZP,52.90920881971472
1438,Title6DUW5,55.18802419354899
1439,TitleNC7PU,51.899426605505084
1440,Title8PB1R,49.32911392405037
1441,TitleTIE51,50.242046077893995
1442,TitleY8A1C,49.524694749694994
1443,Title6K5J4,51.899426605505084
1444,TitleNB01M,52.90920881971472
1445,TitleNJJ4A,49.524694749694994
1446,TitleYB0J7,43.09727157360396
1447,TitleXOHHA,57.00900673400666
1448,TitleZVMQ2,50.242046077893995
1449,Title0SZNQ,51.70855539971945
1450,TitleRQ0LY,46.26586121437401
1451,Title8F271,49.524694749694994
1452,TitleXQ1VJ,50.322035733622414
1453,TitleRY9PW,53.12316176470567
1454,TitleD2PQJ,51.899426605505084
1455,TitleW5UO5,51.70855539971945
1456,TitleOXCQI,50.242046077893995
1457,Title5FVH9,51.70855539971945
1458,TitleDAP2Q,52.90920881971472
1459,Title8UT4U,49.524694749694994
1460,TitleZ57ZP,51.899426605505084
1461,TitlePL2LF,51.70855539971945
1462,TitleS6JJC,49.524694749694994
1463,TitleM4TAB,51.70855539971945
1464,Title1RN6T,52.90920881971472
1465,TitleI86XF,51.70855539971945
1466,TitleTYSUA,51.899426605505084
1467,TitleUG3QH,50.242046077893995
1468,TitleI4O1J,54.123828125000045
1469,Title7NIO5,55.18802419354899
1470,TitleZ3MF1,49.524694749694994
1471,TitleX3IV6,51.899426605505084
1472,TitleNOCNZ,49.524694749694994
1473,TitlePCY3C,50.242046077893995
1474,TitleKZ7TL,50.322035733622414
1475,TitleH5282,55.18802419354899
1476,TitleDPKCW,55.06137873754134
1477,TitleQHFL7,55.06137873754134
1478,TitleVI5LB,50.322035733622414
1479,TitleMH112,52.90920881971472
1480,TitleLKN5K,52.90920881971472
1481,TitleIJ2I5,49.684111221449506
1482,Title0ZLP6,52.90920881971472
1483,Title0K4PP,55.18802419354899
1484,Title44ZW0,56.016841186736286
1485,TitleP610W,56.016841186736286
1486,TitleBN2FZ,55.18802419354899
1487,TitleIAZXQ,50.322035733622414
1488,Title2N7I0,51.899426605505084
1489,TitleEWZ0I,51.899426605505084
1490,TitleW6T9C,55.49025157232684
1491,Title2XNIX,52.90920881971472
1492,TitleHMFD3,50.322035733622414
1493,Title72UTS,49.524694749694994
1494,TitleG78PL,50.85519379844935
1495,TitleAF256,51.899426605505084
1496,TitleDPNW9,55.06137873754134
1497,Title41L4W,49.524694749694994
1498,TitleLICVD,50.85519379844935
1499,TitleN44AZ,55.18802419354899
1500,TitleDRALY,49.524694749694994
1501,TitleDMT11,57.00900673400666
1502,Title4ATTT,50.322035733622414
1503,TitleLE5PR,50.242046077893995
1504,Title50PKJ,50.242046077893995
1505,Title6XUBF,49.524694749694994
1506,TitleNISFK,52.90920881971472
1507,TitleB0IUQ,50.322035733622414
1508,Title5TADF,52.90920881971472
1509,TitleFR37S,51.70855539971945
1510,Title089DL,55.18802419354899
1511,TitleP66TX,51.70855539971945
1512,TitleACX2I,51.94787234042553
1513,TitleGIA9P,50.242046077893995
1514,Title797F9,51.70855539971945
1515,TitleAX69B,51.899426605505084
1516,Title7GLBO,51.899426605505084
1517,Title1CMC4,55.06137873754134
1518,Title9T7UA,41.77380952380954
1519,TitleMGDXO,55.18802419354899
1520,TitleZD3D5,55.18802419354899
1521,Title1H9P5,52.90920881971472
1522,TitleW2581,51.70855539971945
1523,TitleF698Q,51.70855539971945
1524,TitleUPPES,50.242046077893995
1525,Title7RFRU,51.899426605505084
1526,Title47TZG,49.524694749694994
1527,TitleGDWO6,55.18802419354899
1528,TitleCP8LA,52.90920881971472
1529,TitleQ6OK6,43.09727157360396
1530,TitleHH40S,55.49025157232684
1531,Title7U4FB,55.18802419354899
1532,TitleZNY1X,51.899426605505084
1533,TitleFOX2L,52.90920881971472
1534,TitleBV2OI,49.524694749694994
1535,Title6FDM3,52.90920881971472
1536,TitleW9RRC,50.242046077893995
1537,TitleQVDQ6,55.18802419354899
1538,Title7AJXS,50.322035733622414
1539,TitlePRD8L,55.18802419354899
1540,TitleU6LVE,50.242046077893995
1541,TitleQ94KP,50.242046077893995
1542,TitleG7EA3,50.474293785310756
1543,Title23V3R,49.524694749694994
1544,TitleWH83M,51.70855539971945
1545,TitleZT7IS,50.322035733622414
1546,TitleE4LN6,51.899426605505084
1547,TitleI1NZN,53.75049140049135
1548,TitlePYUSE,52.90920881971472
1549,TitleN43XI,55.18802419354899
1550,TitleRMEXM,51.899426605505084
1551,TitleMFQKI,50.322035733622414
1552,TitleWD36X,51.94787234042553
1553,TitleL6DQ8,49.524694749694994
1554,TitleW8S9B,49.524694749694994
1555,Title7QAV0,55.06137873754134
1556,Title1BNP4,49.524694749694994
1557,TitleW7NTM,51.899426605505084
1558,Title7VCYO,51.899426605505084
1559,TitleORDFV,51.899426605505084
1560,TitleOTAI0,49.524694749694994
1561,TitleGWTKF,55.06137873754134
1562,Title6IWVE,50.242046077893995
1563,Title6037P,50.242046077893995
1564,Title49OUK,49.524694749694994
1565,Title6QU1Q,49.524694749694994
1566,TitleG8NXX,50.242046077893995
1567,TitleHGNI5,51.70855539971945
1568,TitleI15H7,50.242046077893995
1569,TitleYTG6A,55.06137873754134
1570,TitleZSJC8,50.242046077893995
1571,Title3ZGDR,51.70855539971945
1572,TitleR6M7G,55.18802419354899
1573,TitleTUZMT,51.899426605505084
1574,TitleHKIY4,52.90920881971472
1575,TitleAV8ZD,51.899426605505084
1576,TitleK1ZJK,49.970701058200895
1577,TitleMAEQD,52.90920881971472
1578,TitleVPKN4,55.18802419354899
1579,Title2IRBG,49.524694749694994
1580,TitleB5F4T,52.90920881971472
1581,TitleZ9EFX,53.12316176470567
1582,Title6ZEKF,51.899426605505084
1583,Title07DWS,53.12316176470567
1584,TitleU4JDP,51.899426605505084
1585,Title6SHHD,49.524694749694994
1586,TitleHBWI9,49.684111221449506
1587,TitleGAIRZ,56.424074074074056
1588,TitleIG32W,51.70855539971945
1589,Title12SLE,55.18802419354899
1590,TitlePGD0X,52.09075907590765
1591,Title05KWT,50.474293785310756
1592,TitleCVXCO,51.70855539971945
1593,Title6N8EC,51.899426605505084
1594,TitleIFI2W,54.695021186440584
1595,TitleRNZAN,49.524694749694994
1596,TitleSTP0N,51.71846689895467
1597,Title353HB,51.70855539971945
1598,Title6E9CF,49.524694749694994
1599,TitleR3L72,51.899426605505084
1600,TitleD2CSJ,46.26586121437401
1601,TitleW9RDL,50.242046077893995
1602,TitleR205P,49.524694749694994
1603,TitleCT4IC,50.242046077893995
1604,TitlePGH8X,46.26586121437401
1605,TitleDM68Z,52.90920881971472
1606,Title29DVL,49.524694749694994
1607,TitleS90MD,52.90920881971472
1608,Title2MII0,50.242046077893995
1609,TitleUNRSP,53.75049140049135
1610,TitleN3WKB,55.18802419354899
1611,TitleV2E67,56.66687500000002
1612,TitleFKWIR,50.322035733622414
1613,TitleIK899,50.85519379844935
1614,TitleV2CTC,49.684111221449506
1615,Title34J4I,50.85519379844935
1616,TitleUVKGI,56.016841186736286
1617,Title92X93,51.70855539971945
1618,Title5YS9U,51.70855539971945
1619,TitleYVIJW,53.75049140049135
1620,TitleF7578,51.70855539971945
1621,TitleUH8ZZ,52.90920881971472
1622,TitleIWBQZ,52.90920881971472
1623,TitleWYPBG,49.524694749694994
1624,TitleJMIYB,51.70855539971945
1625,TitleXU1HX,50.242046077893995
1626,TitleC3Z5W,55.06137873754134
1627,TitleETMER,50.242046077893995
1628,TitleHSBKJ,55.49025157232684
1629,TitleYIQZ2,55.18802419354899
1630,TitleW1ON9,52.90920881971472
1631,TitleLP7PK,51.899426605505084
1632,Title8VA0E,51.94787234042553
1633,TitleBAWPB,55.06137873754134
1634,TitlePQ1LB,51.899426605505084
1635,Title9BRV6,51.70855539971945
1636,TitleJUKA7,47.262966360856296
1637,TitleQ65CJ,55.06137873754134
1638,TitleBOJWQ,51.70855539971945
1639,TitleU7RSC,51.899426605505084
1640,TitleOWURI,51.70855539971945
1641,TitleOE6AS,55.18802419354899
1642,TitleMBBS1,52.90920881971472
1643,TitleM1HKD,52.90920881971472
1644,TitleGAVCJ,57.00900673400666
1645,TitleE21NV,55.18802419354899
1646,TitleEN056,50.322035733622414
1647,TitleQRXCS,56.016841186736286
1648,TitlePZTC6,52.90920881971472
1649,Title5Y5W3,49.524694749694994
1650,Title4CYVQ,51.899426605505084
1651,TitleB6BI2,51.899426605505084
1652,TitleW4TC6,50.242046077893995
1653,TitleWIETD,55.18802419354899
1654,TitleSKV0E,52.90920881971472
1655,Title20EBE,55.06137873754134
1656,Title6EPNM,51.70855539971945
1657,TitleWM5AJ,50.85519379844935
1658,TitleD41S4,51.899426605505084
1659,TitleZOR84,55.18802419354899
1660,TitleEABKA,51.899426605505084
1661,TitleZLB8C,50.322035733622414
1662,Title7R8KZ,51.899426605505084
1663,TitleH8FIQ,51.03092105263156
1664,TitleMKIM4,50.716127320955366
1665,TitleQM62M,49.524694749694994
1666,TitleEKK3G,52.09075907590765
1667,TitleY22DA,53.12316176470567
1668,TitleMKO4Z,51.70855539971945
1669,TitleDCVTS,49.524694749694994
1670,TitleCEYQC,51.899426605505084
1671,TitleCDBOX,51.899426605505084
1672,TitleEORA1,56.016841186736286
1673,Title2BAIR,50.242046077893995
1674,TitleT1XSZ,52.90920881971472
1675,TitleHPQPB,52.90920881971472
1676,Title876D6,55.49025157232684
1677,TitleFL87W,55.74003378378384
1678,TitleJFW2L,52.90920881971472
1679,Title6ETEZ,51.70855539971945
1680,TitleH1E78,53.12316176470567
1681,TitleQYOJJ,50.474293785310756
1682,TitleQL8HE,51.899426605505084
1683,TitleZT3Q8,55.18802419354899
1684,TitleTZWKL,55.18802419354899
1685,Title7M6WY,50.242046077893995
1686,TitleYM8T9,51.70855539971945
1687,Title785GK,51.899426605505084
1688,Title5N8TI,51.899426605505084
1689,TitleUH7N5,52.90920881971472
1690,TitleGG5O3,50.716127320955366
1691,TitleKVU1H,51.03092105263156
1692,TitleWK7OQ,55.18802419354899
1693,TitleQ8GET,50.242046077893995
1694,Title6QMQ2,50.242046077893995
1695,TitleZRLPI,51.70855539971945
1696,TitleHQOJX,51.899426605505084
1697,TitleBWVPD,52.90920881971472
1698,TitleBCHD2,50.242046077893995
1699,Title64G3U,50.242046077893995
1700,TitleW2FJH,52.90920881971472
1701,TitleVC0G9,50.242046077893995
1702,TitleP5UAW,51.70855539971945
1703,TitleNZ29W,51.899426605505084
1704,TitleJKOIP,51.70855539971945
1705,TitleJW57A,51.899426605505084
1706,TitleM9PH0,51.899426605505084
1707,Title0KKRY,53.12316176470567
1708,TitleCVUZS,50.242046077893995
1709,Title6MQXH,50.322035733622414
1710,Title63N52,55.18802419354899
1711,Title9R4QJ,46.26586121437401
1712,TitleTQAG6,49.524694749694994
1713,Title4DYBD,51.899426605505084
1714,Title0DGLT,56.66687500000002
1715,TitleEDT5D,52.90920881971472
1716,Title89EJJ,52.90920881971472
1717,TitleQRHV4,52.90920881971472
1718,TitleTL8TV,51.899426605505084
1719,TitleJ5XQU,52.90920881971472
1720,TitleXELRZ,51.899426605505084
1721,Title65YIV,51.899426605505084
1722,TitleZ56L4,52.90920881971472
1723,TitleWJU2L,51.899426605505084
1724,TitleSQI25,51.899426605505084
1725,TitleCWV72,51.70855539971945
1726,TitleHV0G3,52.09075907590765
1727,TitleEWB0E,51.899426605505084
1728,TitleG09TB,51.899426605505084
1729,TitleSXKMN,51.70855539971945
1730,TitleK6ZPA,55.06137873754134
1731,TitleGE5XP,55.74003378378384
1732,TitleYBVTC,49.524694749694994
1733,Title26GJJ,51.899426605505084
1734,TitleC8QVY,51.70855539971945
1735,Title373LX,49.524694749694994
1736,Title4BQM0,52.90920881971472
1737,TitleKIH6U,50.85519379844935
1738,TitleYNDC7,52.90920881971472
1739,TitleV26B8,61.721666666666714
1740,TitleT7E70,46.621531676022244
1741,TitleBTM08,55.18802419354899
1742,TitleED1WD,55.06137873754134
1743,TitleCTHSR,51.899426605505084
1744,TitleJYFJB,51.899426605505084
1745,TitleIK2Y3,52.90920881971472
1746,TitleAP6X5,55.18802419354899
1747,TitleIMIXB,50.85519379844935
1748,Title8AEMM,54.695021186440584
1749,TitleH9JV2,55.18802419354899
1750,TitleZRT1P,51.70855539971945
1751,Title58T6W,51.899426605505084
1752,TitleOSF13,55.49025157232684
1753,TitleKCU06,51.899426605505084
1754,TitleXY39W,49.524694749694994
1755,TitleFJW2F,53.12316176470567
1756,TitleYE2BG,51.899426605505084
1757,Title29M36,55.18802419354899
1758,TitleH04BX,55.18802419354899
1759,TitleLZ8O6,51.899426605505084
1760,Title7UF4N,50.242046077893995
1761,Title4PV8C,51.899426605505084
1762,TitleN08R7,57.00900673400666
1763,TitleTND66,55.18802419354899
1764,TitleQIO3U,49.524694749694994
1765,Title3PDJ0,50.242046077893995
1766,TitleEVNEJ,50.242046077893995
1767,Title0JXLB,51.899426605505084
1768,TitleSST1A,55.49025157232684
1769,TitleW4RI9,50.322035733622414
1770,TitleUCX3N,56.016841186736286
1771,TitleEA9MG,49.970701058200895
1772,TitleCNW0A,51.94787234042553
1773,TitleRE4FM,55.18802419354899
1774,Title2N282,49.970701058200895
1775,TitleVR7UT,50.322035733622414
1776,TitleUWZIY,51.70855539971945
1777,Title3A64B,50.242046077893995
1778,TitleRBCFJ,51.899426605505084
1779,TitleNYTFH,51.94787234042553
1780,TitleBGRFC,49.970701058200895
1781,TitleWWJ6X,51.70855539971945
1782,TitleNK350,55.18802419354899
1783,Title1N1II,57.00900673400666
1784,TitleM1UE9,51.899426605505084
1785,TitleHYQT7,46.621531676022244
1786,TitleG814W,50.85519379844935
1787,TitleB0PMY,51.70855539971945
1788,TitleBBUFI,55.18802419354899
1789,TitleG5VSK,49.524694749694994
1790,Title5RUV3,52.90920881971472
1791,TitleSEV42,57.00900673400666
1792,Title438K1,52.90920881971472
1793,TitleUZ3DI,50.242046077893995
1794,TitleHT479,50.322035733622414
1795,TitleKBBTU,52.90920881971472
1796,TitleEV9GF,50.242046077893995
1797,TitleKRMRZ,52.90920881971472
1798,TitleBB3E1,49.32911392405037
1799,TitleC6G9C,52.90920881971472
1800,TitleVBED8,52.90920881971472
1801,TitleBICN0,50.322035733622414
1802,TitleIOVVV,51.899426605505084
1803,TitleQRU5M,49.524694749694994
1804,TitleL5J9W,51.70855539971945
1805,TitleKAYDU,53.12316176470567
1806,TitleS74OE,53.75049140049135
1807,Title7X8D0,50.242046077893995
1808,Title4TXOJ,50.322035733622414
1809,TitleAI24X,50.322035733622414
1810,Title7WRG6,49.970701058200895
1811,Title2BHH1,55.18802419354899
1812,Title5Q95N,51.70855539971945
1813,Title31YAI,50.322035733622414
1814,TitleJ2D0S,49.524694749694994
1815,TitleATXPL,51.70855539971945
1816,TitleT46RS,50.322035733622414
1817,TitleX7JJE,51.899426605505084
1818,TitleS1BAY,50.322035733622414
1819,TitleAELWU,55.18802419354899
1820,TitleSYDI4,49.524694749694994
1821,TitleQVPSC,55.49025157232684
1822,TitleQSNGK,51.899426605505084
1823,TitleJZOKZ,52.90920881971472
1824,TitleDJ0MS,51.899426605505084
1825,TitleMTTRN,46.26586121437401
1826,Title8E50X,51.899426605505084
1827,Title1EW9T,51.70855539971945
1828,TitleUQVUM,53.75049140049135
1829,TitleWVYG8,51.899426605505084
1830,TitleHTUKM,55.06137873754134
1831,TitleIYOUQ,51.70855539971945
1832,Title11T9M,49.524694749694994
1833,TitleBSUA5,52.90920881971472
1834,Title1QXPN,51.899426605505084
1835,Title1NYOF,51.899426605505084
1836,TitleIHHFR,49.684111221449506
1837,TitleQYFNT,51.899426605505084
1838,TitleVH335,46.621531676022244
1839,Title1PTQJ,49.524694749694994
1840,TitleQEZ5P,52.90920881971472
1841,TitleCVH6V,50.242046077893995
1842,TitleTC6OH,51.899426605505084
1843,Title6R7VX,55.18802419354899
1844,TitleMYCRA,51.70855539971945
1845,TitleITC20,55.18802419354899
1846,TitleCY245,49.524694749694994
1847,TitleO09DL,49.524694749694994
1848,TitleZQGIB,50.242046077893995
1849,TitleJS6ZB,51.899426605505084
1850,Title0GRHA,55.49025157232684
1851,TitleGQJU7,50.85519379844935
1852,Title3XO7D,51.899426605505084
1853,TitleKZCMH,51.70855539971945
1854,TitleUDKQ1,49.524694749694994
1855,TitleIPVDH,50.322035733622414
1856,TitlePF3W3,51.899426605505084
1857,TitleCLRD7,51.70855539971945
1858,Title8UJDQ,50.85519379844935
1859,Title5DNSM,51.70855539971945
1860,TitleO56F5,51.70855539971945
1861,Title2K05N,55.49025157232684
1862,TitleHQL6Q,51.899426605505084
1863,TitlePOL75,50.322035733622414
1864,TitleH149Z,50.242046077893995
1865,TitleGPKAD,50.242046077893995
1866,Title7QHF1,55.18802419354899
1867,TitleK52R1,52.90920881971472
1868,TitleGBD4N,52.90920881971472
1869,TitleUWIF4,52.90920881971472
1870,TitleK650G,50.322035733622414
1871,Title2J3RP,52.90920881971472
1872,TitleFM63F,46.26586121437401
1873,Title2H7IY,51.899426605505084
1874,Title1LVHT,51.70855539971945
1875,TitleD9415,57.00900673400666
1876,TitleI4YA3,51.70855539971945
1877,TitleZGBPH,56.016841186736286
1878,TitleEX9NJ,55.18802419354899
1879,TitleGADOR,55.74003378378384
1880,TitleA63P3,51.899426605505084
1881,Title45VUD,49.524694749694994
1882,Title5NV8S,51.70855539971945
1883,Title3V1YD,52.90920881971472
1884,TitleSALYL,52.90920881971472
1885,TitleGFAC5,55.18802419354899
1886,Title089HE,50.322035733622414
1887,TitleDL9GJ,51.899426605505084
1888,TitleUHTM4,52.90920881971472
1889,TitleT6597,50.322035733622414
1890,Title4JXJP,49.524694749694994
1891,Title10CGL,51.899426605505084
1892,TitleR230U,55.74003378378384
1893,Title0XBLE,61.721666666666714
1894,TitleRTKQ1,51.70855539971945
1895,TitleCB5C1,57.00900673400666
1896,TitleIG6QE,51.71846689895467
1897,Title3Q3HJ,51.70855539971945
1898,TitleVC5GO,55.18802419354899
1899,Title9MRRH,51.899426605505084
1900,Title6KYB0,52.90920881971472
1901,TitleNPO27,51.899426605505084
1902,Title2L8OW,55.18802419354899
1903,Title5UTR7,49.524694749694994
1904,TitleDXK1W,49.524694749694994
1905,TitleOLE7C,51.899426605505084
1906,TitleXL6Z6,56.016841186736286
1907,TitleCAA9S,51.899426605505084
1908,TitleS1Y5O,55.18802419354899
1909,TitleXMATD,51.899426605505084
1910,TitleKWA72,52.90920881971472
1911,TitleENUVN,51.70855539971945
1912,TitleBW1EW,49.524694749694994
1913,TitleHQ967,54.695021186440584
1914,TitleVGANC,50.322035733622414
1915,TitleOTR0Z,53.75049140049135
1916,TitleS7HU7,51.899426605505084
1917,TitleNQJH0,50.85519379844935
1918,Title8HXM3,50.242046077893995
1919,Title61N9H,52.90920881971472
1920,Title8FDTI,55.18802419354899
1921,Title3FCY5,50.242046077893995
1922,TitleOLVPE,52.90920881971472
1923,TitleWFDXU,41.77380952380954
1924,Title0YDK4,50.242046077893995
1925,TitleBM1J1,49.524694749694994
1926,Title4NNTJ,55.06137873754134
1927,TitleLN5S1,50.242046077893995
1928,TitleD2ASQ,52.90920881971472
1929,TitleA5VUC,56.725433526011564
1930,TitleZ9MGC,56.66687500000002
1931,TitleU5YAN,55.18802419354899
1932,TitleLEEH4,55.18802419354899
1933,Title3DN74,52.90920881971472
1934,TitleB4YP4,50.85519379844935
1935,TitleTH53P,51.70855539971945
1936,Title0RM9L,49.524694749694994
1937,TitleGRMFX,52.90920881971472
1938,TitleU4J6Y,49.524694749694994
1939,TitleHKMEL,55.18802419354899
1940,TitleSHH1C,50.85519379844935
1941,TitleKEFUI,52.90920881971472
1942,TitleWMLN5,61.89176470588235
1943,TitleOMMTU,55.18802419354899
1944,Title2Q1A9,55.49025157232684
1945,TitleMJDL6,50.242046077893995
1946,TitleILV1L,50.85519379844935
1947,TitleQMD0X,51.70855539971945
1948,TitleQ9EJZ,50.85519379844935
1949,Title3G91J,52.90920881971472
1950,Title7CL9L,51.899426605505084
1951,Title4RL5S,55.18802419354899
1952,TitleRBS9E,55.18802419354899
1953,TitleA05R3,51.899426605505084
1954,Title22SSR,50.322035733622414
1955,Title80TYK,50.322035733622414
1956,TitleA40GC,55.49025157232684
1957,TitleIRIEQ,55.49025157232684
1958,Title8NPO9,46.26586121437401
1959,TitleJZ2NF,49.524694749694994
1960,TitleSLJPK,51.70855539971945
1961,TitleNH5I5,49.524694749694994
1962,Title7O3R2,57.00900673400666
1963,TitleBIYMP,53.75049140049135
1964,TitleVZIP5,49.524694749694994
1965,TitleG7BX1,50.322035733622414
1966,TitleO6Z5U,52.90920881971472
1967,TitleWOXPP,49.524694749694994
1968,Title1S5QW,49.970701058200895
1969,TitleXFWI1,52.90920881971472
1970,TitleK6XN7,55.18802419354899
1971,TitleJNMG2,52.90920881971472
1972,Title4YBEE,55.18802419354899
1973,TitleBPK6B,50.242046077893995
1974,Title690RK,51.03092105263156
1975,TitleZNXDK,61.721666666666714
1976,TitleQPIVB,52.90920881971472
1977,TitleD4B9D,49.970701058200895
1978,TitleIUTZC,57.00900673400666
1979,TitleDXXBE,56.725433526011564
1980,TitleXEU8K,50.242046077893995
1981,Title435A8,55.18802419354899
1982,TitleEMEG7,51.899426605505084
1983,TitleIOC2Z,51.70855539971945
1984,TitleQOEH4,51.899426605505084
1985,TitleI6R8T,50.322035733622414
1986,TitleLWAMH,55.18802419354899
1987,TitleVQIJP,51.899426605505084
1988,TitleQJVOB,51.70855539971945
1989,TitleJTUG8,51.899426605505084
1990,TitlePCJK5,52.09075907590765
1991,TitleW6NUX,51.899426605505084
1992,TitleH0MK9,53.12316176470567
1993,TitleCITBB,55.06137873754134
1994,Title3TTX6,52.90920881971472
1995,TitleSNG6L,51.899426605505084
1996,Title9QPAT,51.899426605505084
1997,TitleJE4ED,51.899426605505084
1998,TitleMONPH,50.322035733622414
1999,TitleUHCL9,51.70855539971945
2000,TitleT5N6V,50.322035733622414
2001,TitleL9VTS,51.899426605505084
2002,TitleITQGT,55.49025157232684
2003,TitleYDA9K,53.75049140049135
2004,TitleVV5L7,49.524694749694994
2005,TitleZOQA6,57.00900673400666
2006,Title0R5AG,51.899426605505084
2007,Title1NE07,52.90920881971472
2008,TitleHQ1DR,51.899426605505084
2009,TitleV70ZI,56.016841186736286
2010,TitleMT4BN,55.18802419354899
2011,TitleGAVYD,51.70855539971945
2012,TitleVZFNB,53.75049140049135
2013,TitlePCTNX,51.70855539971945
2014,TitleV6H0Y,51.899426605505084
2015,Title2EI06,55.06137873754134
2016,Title1U117,46.26586121437401
2017,TitleXIDEN,55.18802419354899
2018,TitleF8RSB,55.06137873754134
2019,TitleS8K8L,55.74003378378384
2020,TitleB8JEX,51.70855539971945
2021,TitleRXSOT,50.242046077893995
2022,TitleJK7I2,51.70855539971945
2023,Title44YUQ,50.242046077893995
2024,TitleD53TZ,51.70855539971945
2025,TitlePJHNR,51.70855539971945
2026,TitleEOHQM,49.524694749694994
2027,TitleI1NT0,51.899426605505084
2028,TitleP3NUG,52.90920881971472
2029,TitleUQFC9,55.18802419354899
2030,TitleAMI78,51.899426605505084
2031,TitlePFTQR,51.899426605505084
2032,TitleR3I65,51.899426605505084
2033,TitleUQKH9,56.725433526011564
2034,TitleCR7TX,55.18802419354899
2035,TitleGNZ9A,51.70855539971945
2036,TitleC7BSE,51.899426605505084
2037,TitleSF3JL,53.23354814253202
2038,TitleXX9NB,51.71846689895467
2039,TitleR662H,52.90920881971472
2040,TitleTE3RE,53.12316176470567
2041,Title6U3L5,55.06137873754134
2042,TitleXXWWU,51.94787234042553
2043,TitleY7CAH,49.970701058200895
2044,Title2ENFB,50.242046077893995
2045,TitleH7AWM,55.18802419354899
2046,TitleGSR96,49.32911392405037
2047,TitleA974Y,52.90920881971472
2048,TitleKRD9S,51.899426605505084
2049,TitleIC1XX,51.70855539971945
2050,TitleHF4BN,51.03092105263156
2051,TitleSKPGV,55.06137873754134
2052,TitleN8ORD,49.524694749694994
2053,TitleRULS9,55.06137873754134
2054,TitleX989N,52.09075907590765
2055,TitleLCQ2F,50.474293785310756
2056,TitleODWHI,55.18802419354899
2057,TitleWMB1Z,51.70855539971945
2058,TitleIAMBX,50.322035733622414
2059,TitleMW5XJ,55.74003378378384
2060,TitleUFI52,50.85519379844935
2061,TitleYNEJ5,49.524694749694994
2062,TitleTHPVI,51.899426605505084
2063,TitleXKJI4,51.899426605505084
2064,Title4FAJZ,50.242046077893995
2065,TitleL1LU4,52.90920881971472
2066,TitleT3T7L,50.322035733622414
2067,Title9PWUT,55.06137873754134
2068,TitleGPI1Y,46.26586121437401
2069,TitleJGSGL,49.524694749694994
2070,TitleJTFJF,46.621531676022244
2071,TitleQAY87,50.322035733622414
2072,TitleVZQ1Z,51.70855539971945
2073,TitleBJVZH,52.09075907590765
2074,TitleWGVF6,55.18802419354899
2075,Title84262,55.18802419354899
2076,TitleS708T,51.70855539971945
2077,Title5Y3QW,50.85519379844935
2078,TitleGJ5D5,52.90920881971472
2079,TitleG472T,51.899426605505084
2080,TitleJT36Q,51.70855539971945
2081,TitleGR2WP,51.70855539971945
2082,Title5FQID,51.899426605505084
2083,Title2D482,50.85519379844935
2084,TitleN5G1W,50.242046077893995
2085,TitleVQ2HA,53.12316176470567
2086,TitleU5Q5B,53.75049140049135
2087,TitleL6V9A,55.49025157232684
2088,Title2R8VU,51.899426605505084
2089,Title7HCNJ,49.970701058200895
2090,TitleCD5YZ,51.70855539971945
2091,Title8OKXL,49.524694749694994
2092,TitleHFQT8,55.06137873754134
